drain TotalCurrent(Id_off_0n71_des) X,id_off_0,drain TotalCurrent(Id_off_4.28e10n75_des) X,id_off_4.28,drain TotalCurrent(idOn_4.28e10n58_des) X,id_on_0,drain TotalCurrent(idOn_0n46_des) X,id_on_4.28
0,8.2071285e-06,0,6.4782831e-06,1.5,0.00031385325,1.5,0.00031922089
0,8.2071285e-06,0,6.4782831e-06,1.5,0.00031385325,1.5,0.00031922089
0,8.2071285e-06,0,6.4782831e-06,1.5,0.00031385325,1.5,0.00031922089
0,8.2071284e-06,0,6.4782831e-06,1.5,0.00031385325,1.5,0.00031922089
0,8.2071285e-06,0,6.4782831e-06,1.5,0.00031385325,1.5,0.00031922089
0,8.2071285e-06,0,6.4782831e-06,1.5,0.00031385325,1.5,0.00031922089
0,8.2071285e-06,0,6.4782831e-06,1.5,0.00031385325,1.5,0.00031922089
0,8.2071285e-06,0,6.4782831e-06,1.5,0.00031385325,1.5,0.00031922089
0,8.2071285e-06,0,6.4782831e-06,1.5,0.00031385325,1.5,0.00031922089
0,8.2071285e-06,0,6.4782831e-06,1.5,0.00031385325,1.5,0.00031922089
0,8.2071285e-06,0,6.4782831e-06,1.5,0.00031385325,1.5,0.00031922089
0,8.2071285e-06,0,6.4782831e-06,1.5,0.00031385325,1.5,0.00031922089
0,8.2071285e-06,0,6.4782831e-06,1.5,0.00031385325,1.5,0.00031922089
0,8.2071285e-06,0,6.4782831e-06,1.5,0.00031385325,1.5,0.00031922089
0,8.2071285e-06,0,6.4782831e-06,1.5,0.00031385325,1.5,0.00031922089
0,8.2071285e-06,0,6.4782831e-06,1.5,0.00031385325,1.5,0.00031922089
0,8.2071285e-06,0,6.4782831e-06,1.5,0.00031385325,1.5,0.00031922089
0,8.2071285e-06,0,6.4782831e-06,1.5,0.00031385325,1.5,0.00031922089
0,8.2071285e-06,0,6.4782831e-06,1.5,0.00031385325,1.5,0.00031922089
0,8.2071284e-06,0,6.4782831e-06,1.5,0.00031385325,1.5,0.00031922089
0,8.2071284e-06,0,6.4782831e-06,1.5,0.00031385325,1.5,0.00031922089
0,8.2071284e-06,0,6.4782831e-06,1.5,0.00031385325,1.5,0.00031922089
0,8.2071284e-06,0,6.4782831e-06,1.5,0.00031385325,1.5,0.00031922089
0,8.2071284e-06,0,6.4782831e-06,1.5,0.00031385325,1.5,0.00031922089
0,8.2071284e-06,0,6.4782831e-06,1.5,0.00031385325,1.5,0.00031922089
0,8.2071284e-06,0,6.4782831e-06,1.5,0.00031385325,1.5,0.00031922089
0,8.2071285e-06,0,6.4782831e-06,1.5,0.00031385325,1.5,0.00031922089
0,8.2071284e-06,0,6.4782831e-06,1.5,0.00031385325,1.5,0.00031922089
0,8.2071284e-06,0,6.4782831e-06,1.5,0.00031385325,1.5,0.00031922089
0,8.2071285e-06,0,6.4782831e-06,1.5,0.00031385325,1.5,0.00031922089
0,8.2071284e-06,0,6.4782831e-06,1.5,0.00031385325,1.5,0.00031922089
0,8.2071284e-06,0,6.4782831e-06,1.5,0.00031385325,1.5,0.00031922089
0,8.2071284e-06,0,6.4782831e-06,1.5,0.00031385325,1.5,0.00031922089
0,8.2071284e-06,0,6.4782831e-06,1.5,0.00031385325,1.5,0.00031922089
0,8.2071284e-06,0,6.4782831e-06,1.5,0.00031385325,1.5,0.00031922089
0,8.2071284e-06,0,6.4782831e-06,1.5,0.00031385325,1.5,0.00031922089
0,8.2071285e-06,0,6.4782831e-06,1.5,0.00031385325,1.5,0.00031922089
0,8.2071285e-06,0,6.4782831e-06,1.5,0.00031385325,1.5,0.00031922089
0,8.2071285e-06,0,6.4782831e-06,1.5,0.00031385325,1.5,0.00031922089
0,8.2071299e-06,0,6.4782831e-06,1.5,0.00031385325,1.5,0.00031922089
0,8.2071285e-06,0,6.4782831e-06,1.5,0.00031385325,1.5,0.00031922089
0,8.2071285e-06,0,6.4782831e-06,1.5,0.00031385325,1.5,0.00031922089
0,8.2071285e-06,0,6.4782831e-06,1.5,0.00031385325,1.5,0.00031922089
0,8.2071285e-06,0,6.4782831e-06,1.5,0.00031385325,1.5,0.00031922089
0,8.2071285e-06,0,6.4782831e-06,1.5,0.00031385325,1.5,0.00031922089
0,8.2071285e-06,0,6.4782831e-06,1.5,0.00031385325,1.5,0.00031922089
0,8.2071284e-06,0,6.4782831e-06,1.5,0.00031385325,1.5,0.00031922089
0,8.2071284e-06,0,6.4782831e-06,1.5,0.00031385325,1.5,0.00031922089
0,8.2071284e-06,0,6.4782831e-06,1.5,0.00031385325,1.5,0.00031922089
0,8.2071284e-06,0,6.4782831e-06,1.5,0.00031385325,1.5,0.00031922089
0,8.2071284e-06,0,6.4782831e-06,1.5,0.00031385325,1.5,0.00031922089
0,8.2071284e-06,0,6.4782831e-06,1.5,0.00031385325,1.5,0.00031922089
0,8.2071284e-06,0,6.4782831e-06,1.5,0.00031385325,1.5,0.00031922089
0,8.2071284e-06,0,6.4782831e-06,1.5,0.00031385325,1.5,0.00031922089
0,8.2071284e-06,0,6.4782831e-06,1.5,0.00031385325,1.5,0.00031922089
0,8.2071284e-06,0,6.4782831e-06,1.5,0.00031385325,1.5,0.00031922089
0,8.2071284e-06,0,6.4782831e-06,1.5,0.00031385325,1.5,0.00031922089
0,8.2071284e-06,0,6.4782831e-06,1.5,0.00031385325,1.5,0.00031922089
0,8.2071284e-06,0,6.4782831e-06,1.5,0.00031385325,1.5,0.00031922089
0,8.2071284e-06,0,6.4782831e-06,1.5,0.00031385325,1.5,0.00031922089
0,8.2071284e-06,0,6.4782831e-06,1.5,0.00031385325,1.5,0.00031922089
0,8.2071284e-06,0,6.4782831e-06,1.5,0.00031385325,1.5,0.00031922089
0,8.2071284e-06,0,6.4782831e-06,1.5,0.00031385325,1.5,0.00031922089
0,8.2071284e-06,0,6.4782831e-06,1.5,0.00031385325,1.5,0.00031922089
0,8.2071285e-06,0,6.4782831e-06,1.5,0.00031385325,1.5,0.00031922089
0,8.2071285e-06,0,6.4782831e-06,1.5,0.00031385325,1.5,0.00031922089
0,8.2071285e-06,0,6.4782831e-06,1.5,0.00031385325,1.5,0.00031922089
0,8.2071285e-06,0,6.4782831e-06,1.5,0.00031385325,1.5,0.00031922089
0,8.2071285e-06,0,6.4782831e-06,1.5,0.00031385325,1.5,0.00031922089
0,8.2071285e-06,0,6.4782831e-06,1.5,0.00031385325,1.5,0.00031922089
0,8.2071284e-06,0,6.4782831e-06,1.5,0.00031385325,1.5,0.00031922089
0,8.2071285e-06,0,6.4782831e-06,1.5,0.00031385325,1.5,0.00031922089
0,8.2071284e-06,0,6.4782831e-06,1.5,0.00031385325,1.5,0.00031922089
0,8.2071281e-06,0,6.4782831e-06,1.5,0.00031385325,1.5,0.00031922089
0,8.2071285e-06,0,6.4782831e-06,1.5,0.00031385325,1.5,0.00031922089
0,8.2071285e-06,0,6.4782831e-06,1.5,0.00031385325,1.5,0.00031922089
0,8.2071285e-06,0,6.4782831e-06,1.5,0.00031385325,1.5,0.00031922089
0,8.2071285e-06,0,6.4782831e-06,1.5,0.00031385325,1.5,0.00031922089
0,8.2071285e-06,0,6.4782831e-06,1.5,0.00031385325,1.5,0.00031922089
0,8.2071285e-06,0,6.4782831e-06,1.5,0.00031385325,1.5,0.00031922089
0,8.2071285e-06,0,6.4782831e-06,1.5,0.00031385325,1.5,0.00031922089
0,8.2071285e-06,0,6.4782831e-06,1.5,0.00031385325,1.5,0.00031922089
0,8.2071285e-06,0,6.4782831e-06,1.5,0.00031385325,1.5,0.00031922089
0,8.2071285e-06,0,6.4782831e-06,1.5,0.00031385325,1.5,0.00031922089
0,8.2071285e-06,0,6.4782831e-06,1.5,0.00031385325,1.5,0.00031922089
0,8.2071285e-06,0,6.4782831e-06,1.5,0.00031385325,1.5,0.00031922089
0,8.2071285e-06,0,6.4782831e-06,1.5,0.00031385325,1.5,0.00031922089
0,8.2071284e-06,0,6.4782831e-06,1.5,0.00031385325,1.5,0.00031922089
0,8.2071284e-06,0,6.4782831e-06,1.5,0.00031385325,1.5,0.00031922089
0,8.2071284e-06,0,6.4782831e-06,1.5,0.00031385325,1.5,0.00031922089
0,8.2071284e-06,0,6.4782831e-06,1.5,0.00031385325,1.5,0.00031922089
0,8.2071284e-06,0,6.4782831e-06,1.5,0.00031385325,1.5,0.00031922089
0,8.2071284e-06,0,6.4782831e-06,1.5,0.00031385325,1.5,0.00031922089
0,8.2071284e-06,0,6.4782831e-06,1.5,0.00031385325,1.5,0.00031922089
0,8.2071284e-06,0,6.4782831e-06,1.5,0.00031385325,1.5,0.00031922089
0,8.2071284e-06,0,6.4782831e-06,1.5,0.00031385325,1.5,0.00031922089
0,8.2071284e-06,0,6.4782831e-06,1.5,0.00031385325,1.5,0.00031922089
0,8.2071284e-06,0,6.4782831e-06,1.5,0.00031385325,1.5,0.00031922089
0,8.2071284e-06,0,6.4782831e-06,1.5,0.00031385325,1.5,0.00031922089
0,8.2071284e-06,0,6.4782831e-06,1.5,0.00031385325,1.5,0.00031922089

